{"listitems":[
    {"item":"Lorem Ipsum is simply dummy text of the printing and typesetting industry."},
    {"item":"Ipsum is simply dummy text of the printing and typesetting industry."},
    {"item":"Is simply dummy text of the printing and typesetting industry."},
    {"item":"Dummy text of the printing and typesetting industry."},
    {"item":"Lorem is simply dummy text of the printing and typesetting industry."},
    {"item":"Ipsum is simply dummy text of the printing and typesetting industry."},
    {"item":"Lorem Ipsum is simply dummy text of the printing and typesetting industry."},
    {"item":"Text of the printing and typesetting industry."},
    {"item":"Dummy Lorem Ipsum is simply dummy text of the printing and typesetting industry."},
    {"item":"Typesetting Lorem Ipsum is simply dummy text of the printing and typesetting industry."},
    {"item":"Industry Lorem Ipsum is simply dummy text of the printing and typesetting industry."}]
}
